{"Train/Samples/train_loss": 8.5, "_timestamp": 1664347995.9247026, "_runtime": 12342.663774728775, "_step": 5248, "Train/Samples/lr": 5e-05, "Train/Samples/loss_scale": 8192.0}