{"Train/Samples/train_loss": 41.71875, "_timestamp": 1664372865.9142697, "_runtime": 3822.566107749939, "_step": 1632, "Train/Samples/lr": 5e-05, "Train/Samples/loss_scale": 16384.0}