{"Train/Samples/train_loss": 1.6494140625, "_timestamp": 1664368810.9203572, "_runtime": 166.27922916412354, "_step": 32, "Train/Samples/lr": 0.001, "Train/Samples/loss_scale": 4294967296}